session_id,campaign_id,channel,session_date,session_ts,device,country,pages_viewed,session_duration_sec,is_bounce,engagement_tier,cleaned_at
S00092557,C001,Google Ads,2024-12-15,2024-12-15T13:38:23,Mobile,GB,3,10,0,Low,2026-03-20 07:22:11.930337 UTC
S00041601,C001,Google Ads,2024-06-14,2024-06-14T06:34:58,Mobile,TW,1,10,1,Low,2026-03-20 07:22:11.930337 UTC
S00040904,C001,Google Ads,2024-06-10,2024-06-10T10:04:01,Desktop,SG,5,10,0,Low,2026-03-20 07:22:11.930337 UTC
S00053484,C001,Google Ads,2024-08-04,2024-08-04T20:42:38,Mobile,SG,2,10,0,Low,2026-03-20 07:22:11.930337 UTC
S00097072,C001,Google Ads,2024-12-28,2024-12-28T06:48:02,Mobile,GB,6,10,0,Low,2026-03-20 07:22:11.930337 UTC
S00007755,C001,Google Ads,2024-02-02,2024-02-02T00:12:48,Mobile,TW,3,10,0,Low,2026-03-20 07:22:11.930337 UTC
S00000645,C001,Google Ads,2024-01-03,2024-01-03T19:37:05,Mobile,HK,5,10,0,Low,2026-03-20 07:22:11.930337 UTC
S00017498,C001,Google Ads,2024-03-12,2024-03-12T01:15:35,Mobile,TW,4,10,0,Low,2026-03-20 07:22:11.930337 UTC
S00068451,C001,Google Ads,2024-10-02,2024-10-02T10:50:19,Desktop,SG,1,10,1,Low,2026-03-20 07:22:11.930337 UTC
S00066168,C001,Google Ads,2024-09-24,2024-09-24T04:59:47,Desktop,GB,5,10,0,Low,2026-03-20 07:22:11.930337 UTC
S00027391,C001,Google Ads,2024-04-19,2024-04-19T12:15:45,Desktop,JP,3,10,0,Low,2026-03-20 07:22:11.930337 UTC
S00045821,C001,Google Ads,2024-07-06,2024-07-06T07:02:17,Desktop,HK,5,10,0,Low,2026-03-20 07:22:11.930337 UTC
S00087755,C001,Google Ads,2024-12-03,2024-12-03T23:56:31,Mobile,HK,3,10,0,Low,2026-03-20 07:22:11.930337 UTC
S00069872,C001,Google Ads,2024-10-07,2024-10-07T09:33:41,Tablet,SG,6,10,0,Low,2026-03-20 07:22:11.930337 UTC
S00054599,C001,Google Ads,2024-08-07,2024-08-07T10:34:32,Mobile,US,2,10,0,Low,2026-03-20 07:22:11.930337 UTC
S00002912,C001,Google Ads,2024-01-13,2024-01-13T02:56:46,Tablet,HK,3,10,0,Low,2026-03-20 07:22:11.930337 UTC
S00044045,C001,Google Ads,2024-06-28,2024-06-28T04:25:05,Mobile,US,2,10,0,Low,2026-03-20 07:22:11.930337 UTC
S00086456,C001,Google Ads,2024-11-29,2024-11-29T09:31:15,Desktop,SG,3,10,0,Low,2026-03-20 07:22:11.930337 UTC
S00049327,C001,Google Ads,2024-07-17,2024-07-17T05:50:12,Tablet,TW,1,10,1,Low,2026-03-20 07:22:11.930337 UTC
S00001067,C001,Google Ads,2024-01-04,2024-01-04T13:38:09,Mobile,GB,3,10,0,Low,2026-03-20 07:22:11.930337 UTC
S00032453,C001,Google Ads,2024-05-08,2024-05-08T14:21:33,Desktop,HK,4,10,0,Low,2026-03-20 07:22:11.930337 UTC
S00086409,C001,Google Ads,2024-11-29,2024-11-29T23:53:40,Mobile,SG,1,10,1,Low,2026-03-20 07:22:11.930337 UTC
S00017426,C001,Google Ads,2024-03-12,2024-03-12T05:41:55,Desktop,SG,5,10,0,Low,2026-03-20 07:22:11.930337 UTC
S00002090,C001,Google Ads,2024-01-10,2024-01-10T00:24:13,Mobile,HK,5,10,0,Low,2026-03-20 07:22:11.930337 UTC
S00046719,C001,Google Ads,2024-07-09,2024-07-09T19:56:54,Mobile,HK,5,10,0,Low,2026-03-20 07:22:11.930337 UTC
S00051452,C001,Google Ads,2024-07-26,2024-07-26T12:34:49,Tablet,SG,3,10,0,Low,2026-03-20 07:22:11.930337 UTC
S00069967,C001,Google Ads,2024-10-07,2024-10-07T07:35:34,Desktop,HK,2,10,0,Low,2026-03-20 07:22:11.930337 UTC
S00001134,C001,Google Ads,2024-01-04,2024-01-04T14:11:36,Desktop,TW,5,10,0,Low,2026-03-20 07:22:11.930337 UTC
S00013654,C001,Google Ads,2024-02-27,2024-02-27T14:11:17,Desktop,TW,4,10,0,Low,2026-03-20 07:22:11.930337 UTC
S00032354,C001,Google Ads,2024-05-08,2024-05-08T09:19:22,Mobile,AU,4,10,0,Low,2026-03-20 07:22:11.930337 UTC
S00021554,C001,Google Ads,2024-03-26,2024-03-26T16:04:16,Tablet,SG,5,10,0,Low,2026-03-20 07:22:11.930337 UTC
S00034511,C001,Google Ads,2024-05-16,2024-05-16T11:09:36,Desktop,HK,1,10,1,Low,2026-03-20 07:22:11.930337 UTC
S00080675,C001,Google Ads,2024-11-12,2024-11-12T20:36:27,Desktop,HK,2,10,0,Low,2026-03-20 07:22:11.930337 UTC
S00085834,C001,Google Ads,2024-11-28,2024-11-28T10:14:10,Mobile,MY,3,10,0,Low,2026-03-20 07:22:11.930337 UTC
S00005689,C001,Google Ads,2024-01-25,2024-01-25T00:30:30,Tablet,SG,4,10,0,Low,2026-03-20 07:22:11.930337 UTC
S00052184,C001,Google Ads,2024-07-27,2024-07-27T05:51:43,Desktop,HK,2,10,0,Low,2026-03-20 07:22:11.930337 UTC
S00085958,C001,Google Ads,2024-11-29,2024-11-29T14:05:14,Mobile,TW,1,10,1,Low,2026-03-20 07:22:11.930337 UTC
S00080565,C001,Google Ads,2024-11-11,2024-11-11T20:48:49,Desktop,MY,4,10,0,Low,2026-03-20 07:22:11.930337 UTC
S00009612,C001,Google Ads,2024-02-09,2024-02-09T11:09:30,Mobile,HK,3,10,0,Low,2026-03-20 07:22:11.930337 UTC
S00085984,C001,Google Ads,2024-11-29,2024-11-29T08:54:08,Desktop,HK,5,10,0,Low,2026-03-20 07:22:11.930337 UTC
S00034740,C001,Google Ads,2024-05-16,2024-05-16T09:28:55,Mobile,AU,1,10,1,Low,2026-03-20 07:22:11.930337 UTC
S00000606,C001,Google Ads,2024-01-03,2024-01-03T03:08:19,Desktop,SG,6,10,0,Low,2026-03-20 07:22:11.930337 UTC
S00066056,C001,Google Ads,2024-09-23,2024-09-23T06:17:44,Desktop,HK,3,10,0,Low,2026-03-20 07:22:11.930337 UTC
S00006542,C001,Google Ads,2024-01-28,2024-01-28T08:30:01,Mobile,SG,5,10,0,Low,2026-03-20 07:22:11.930337 UTC
S00047758,C001,Google Ads,2024-07-12,2024-07-12T17:17:19,Desktop,SG,1,10,1,Low,2026-03-20 07:22:11.930337 UTC
S00069346,C001,Google Ads,2024-10-05,2024-10-05T14:46:12,Desktop,TW,5,10,0,Low,2026-03-20 07:22:11.930337 UTC
S00039751,C001,Google Ads,2024-06-07,2024-06-07T16:33:37,Mobile,HK,6,10,0,Low,2026-03-20 07:22:11.930337 UTC
S00061120,C001,Google Ads,2024-09-03,2024-09-03T00:24:01,Desktop,SG,4,10,0,Low,2026-03-20 07:22:11.930337 UTC
S00093965,C001,Google Ads,2024-12-19,2024-12-19T21:43:52,Mobile,AU,3,10,0,Low,2026-03-20 07:22:11.930337 UTC
S00011706,C001,Google Ads,2024-02-20,2024-02-20T11:07:56,Desktop,HK,5,10,0,Low,2026-03-20 07:22:11.930337 UTC